{
    "name": "test",
    "uuid": "f4facaf7-046f-40ec-9cc3-0ed13f965655",
    "worldId": "eeb36cc9-b81f-4718-8cb6-a6e3fd2b1103",
    "worldFolder": "polus",
    "minCorner": {
        "x": -83.92934244650542,
        "y": -56.35382608433229,
        "z": -74.41237240697706
    },
    "maxCorner": {
        "x": 94.41963668636406,
        "y": 46.73969731224835,
        "z": 75.94284118628522
    },
    "lobbySpawn": {
        "x": -10.5,
        "y": 1.0,
        "z": -295.5
    },
    "gameSpawn": {
        "x": -6.5,
        "y": 2.0,
        "z": -38.5
    },
    "wardrobe": {
        "x": -5.5,
        "y": 1.0,
        "z": -288.5,
        "yaw": 149.09995,
        "pitch": -0.1500094
    },
    "meetingRoomMin": {
        "x": -3.0,
        "y": 0.0,
        "z": 20.0
    },
    "meetingRoomMax": {
        "x": 16.0,
        "y": 5.0,
        "z": 27.0
    },
    "meetingBlock": {
        "x": 6.0,
        "y": 1.0,
        "z": 23.0
    },
    "ejectedFallPoint": {
        "x": 43.23661576180028,
        "y": -7.256865347492167,
        "z": 17.74080793171366,
        "yaw": -90.749664,
        "pitch": 3.8999972
    },
    "ejectedViewPoint": {
        "x": 49.03543135366969,
        "y": -7.0,
        "z": 17.907439658904895,
        "yaw": 90.300415,
        "pitch": 45.900017
    },
    "cameraJoinPointMin": {
        "x": -45.0,
        "y": 1.0,
        "z": 9.0
    },
    "cameraJoinPointMax": {
        "x": -42.0,
        "y": 3.0,
        "z": 9.0
    },
    "lightPosMin": {
        "x": -31.0,
        "y": 0.0,
        "z": 3.0
    },
    "lightPosMax": {
        "x": -17.5,
        "y": 4.0,
        "z": 11.5
    },
    "seismicStabilizers1": {
        "x": 18.0,
        "y": 2.0,
        "z": -29.0
    },
    "seismicStabilizers2": {
        "x": -38.0,
        "y": 2.0,
        "z": -24.0
    },
    "seismicStabilizers1Particle": {
        "x": 18.5,
        "y": 11.5,
        "z": -30.5
    },
    "seismicStabilizers2Particle": {
        "x": -37.5,
        "y": 11.5,
        "z": -25.5
    },
    "communications": {
        "x": -12.0,
        "y": 1.0,
        "z": 16.0
    },
    "outgoingCommunicationBeam": {
        "x": -12.0,
        "y": 12.5,
        "z": 17.0
    },
    "cams": {
        "north_west": {
            "x": -16.69999998807907,
            "y": 4.820000052452087,
            "z": -2.7362042927317183,
            "yaw": -77.54944,
            "pitch": 51.15001
        },
        "north_east": {
            "x": 18.69999998807907,
            "y": 4.820000052452087,
            "z": 2.1284476491282396,
            "yaw": 126.15055,
            "pitch": 48.750008
        },
        "south_west": {
            "x": -35.69999998807907,
            "y": 4.820000052452089,
            "z": 41.30000001192093,
            "yaw": -45.900146,
            "pitch": 26.100006
        },
        "south": {
            "x": -1.300000011920929,
            "y": 4.820000052452087,
            "z": 34.30000001192093,
            "yaw": 45.749207,
            "pitch": 28.649996
        },
        "east": {
            "x": 32.30000001192093,
            "y": 4.820000052452087,
            "z": 27.69999998807907,
            "yaw": -154.80145,
            "pitch": 18.599957
        },
        "center": {
            "x": -5.300000011920929,
            "y": 4.820000052452087,
            "z": 17.94999998807907,
            "yaw": 149.69833,
            "pitch": 47.55
        }
    },
    "vents": [
        {
            "id": 1,
            "vents": [
                {
                    "x": -27.0,
                    "y": 0.0,
                    "z": -9.0
                },
                {
                    "x": 15.0,
                    "y": 0.0,
                    "z": -6.0
                }
            ]
        },
        {
            "id": 2,
            "vents": [
                {
                    "x": -32.0,
                    "y": 0.0,
                    "z": 13.0
                },
                {
                    "x": -46.0,
                    "y": 0.0,
                    "z": -1.0
                },
                {
                    "x": -40.0,
                    "y": 0.0,
                    "z": 22.0
                }
            ]
        },
        {
            "id": 3,
            "vents": [
                {
                    "x": -17.0,
                    "y": 0.0,
                    "z": 29.0
                },
                {
                    "x": 8.0,
                    "y": 0.0,
                    "z": 9.0
                },
                {
                    "x": -2.0,
                    "y": 0.0,
                    "z": 31.0
                }
            ]
        },
        {
            "id": 4,
            "vents": [
                {
                    "x": 3.0,
                    "y": 0.0,
                    "z": 46.0
                },
                {
                    "x": 7.0,
                    "y": 0.0,
                    "z": 45.0
                },
                {
                    "x": 36.0,
                    "y": 0.0,
                    "z": 5.0
                },
                {
                    "x": 43.0,
                    "y": 0.0,
                    "z": -2.0
                }
            ]
        }
    ],
    "lightLevers": [
        {
            "x": -27.0,
            "y": 2.0,
            "z": 4.0
        },
        {
            "x": -26.0,
            "y": 2.0,
            "z": 4.0
        },
        {
            "x": -26.0,
            "y": 2.0,
            "z": 5.0
        },
        {
            "x": -27.0,
            "y": 2.0,
            "z": 5.0
        },
        {
            "x": -27.0,
            "y": 1.0,
            "z": 6.0
        },
        {
            "x": -28.0,
            "y": 1.0,
            "z": 9.0
        },
        {
            "x": -27.0,
            "y": 2.0,
            "z": 9.0
        },
        {
            "x": -27.0,
            "y": 2.0,
            "z": 10.0
        },
        {
            "x": -26.0,
            "y": 2.0,
            "z": 10.0
        },
        {
            "x": -26.0,
            "y": 2.0,
            "z": 9.0
        },
        {
            "x": -21.0,
            "y": 2.0,
            "z": 9.0
        },
        {
            "x": -20.0,
            "y": 2.0,
            "z": 9.0
        },
        {
            "x": -20.0,
            "y": 2.0,
            "z": 10.0
        },
        {
            "x": -21.0,
            "y": 2.0,
            "z": 10.0
        },
        {
            "x": -22.0,
            "y": 1.0,
            "z": 10.0
        },
        {
            "x": -21.0,
            "y": 2.0,
            "z": 4.0
        },
        {
            "x": -20.0,
            "y": 2.0,
            "z": 4.0
        },
        {
            "x": -20.0,
            "y": 2.0,
            "z": 5.0
        },
        {
            "x": -21.0,
            "y": 2.0,
            "z": 5.0
        },
        {
            "x": -21.0,
            "y": 1.0,
            "z": 6.0
        }
    ],
    "tasks": {
        "clear_asteroids": [
            {
                "x": -23.0,
                "y": 1.0,
                "z": 42.0
            }
        ],
        "fix_weather_node": [
            {
                "x": -32.0,
                "y": 1.0,
                "z": 48.0
            },
            {
                "x": -29.0,
                "y": 1.0,
                "z": 17.0
            },
            {
                "x": -9.0,
                "y": 1.0,
                "z": 48.0
            },
            {
                "x": -11.0,
                "y": 1.0,
                "z": 6.0
            },
            {
                "x": 14.0,
                "y": 1.0,
                "z": -10.0
            },
            {
                "x": 36.0,
                "y": 1.0,
                "z": 7.0
            }
        ],